scenario,bus_id,x,y,average_marginal_price,max_marginal_price,total_load_shedding_mwh,max_load_shedding_mw,worst_shedding_snapshot,wind_condition,scenario_name,transmission_setting
germany_base2_notwindy,DE0 190 H2,8.44545065,48.9860823,138.7544336423996,138.7544592531598,1.2064802298315408e-05,5.02700538418618e-07,2025-04-08 10:00:00,notwindy,base2,fixed
germany_base2_notwindy,DE0 190 battery,8.44545065,48.9860823,134.06361118766273,140.52124274379798,1.2059174205847445e-05,5.027942884048179e-07,2025-04-08 06:00:00,notwindy,base2,fixed
germany_base2_notwindy,DE0 190,8.44545065,48.9860823,134.03639140769977,143.42946258664574,1.2059160828096211e-05,5.029428928556215e-07,2025-04-08 06:00:00,notwindy,base2,fixed
germany_base2_notwindy,DE0 191 H2,8.6807188,51.9968419,87.72599611206483,87.72602802547789,1.2002586935916844e-05,5.001084493457287e-07,2025-04-08 03:00:00,notwindy,base2,fixed
germany_base2_notwindy,DE0 116 H2,8.64145102,48.89016029,80.96034187434545,80.9603739073341,1.1994399223779188e-05,4.997671175623602e-07,2025-04-08 11:00:00,notwindy,base2,fixed
germany_base2_windvariability,DE0 386,9.0735161,49.3119354,1087.3566828009791,1112.25502745438,8.520047910703274e-06,3.5599187564697025e-07,2025-10-06 11:00:00,windvariability,base2,fixed
germany_base2_windvariability,DE0 386 battery,9.0735161,49.3119354,1081.924673225015,1089.772268605714,8.514824091011106e-06,3.550969536940974e-07,2025-10-06 11:00:00,windvariability,base2,fixed
germany_base2_windvariability,DE0 386 H2,9.0735161,49.3119354,1044.7673395157692,1044.7673407317122,8.478688291403831e-06,3.532794664320213e-07,2025-10-06 10:00:00,windvariability,base2,fixed
germany_base2_windvariability,DE0 190,8.44545065,48.9860823,580.9645365452437,598.289025776526,8.062671380678396e-06,3.365628433995516e-07,2025-10-06 10:00:00,windvariability,base2,fixed
germany_base2_windvariability,DE0 190 battery,8.44545065,48.9860823,578.4656278624129,586.190828758302,8.060557014259096e-06,3.36133040265903e-07,2025-10-06 10:00:00,windvariability,base2,fixed
germany_base2_windy,DE0 386 H2,9.0735161,49.3119354,206.5337336347241,206.5337485692636,1.1272101136025633e-06,4.69684820766912e-08,2025-10-26 11:00:00,windy,base2,fixed
germany_base2_windy,DE0 386,9.0735161,49.3119354,203.51953073672016,253.91588328667888,1.1271592450210183e-06,4.7202670726226345e-08,2025-10-26 16:00:00,windy,base2,fixed
germany_base2_windy,DE0 386 battery,9.0735161,49.3119354,202.49224712626165,216.1769600386685,1.127138779816194e-06,4.703027521565914e-08,2025-10-26 14:00:00,windy,base2,fixed
germany_base2_windy,DE0 190 H2,8.44545065,48.9860823,120.44693400597085,120.4469699476824,1.1173856410981309e-06,4.6559226165949225e-08,2025-10-26 10:00:00,windy,base2,fixed
germany_base2_windy,DE0 190,8.44545065,48.9860823,113.94283606893104,153.91829823533055,1.1169199285158788e-06,4.672098155059841e-08,2025-10-26 17:00:00,windy,base2,fixed
germany_scenario2040-TP_notwindy,DE0 219,8.6807188,51.9968419,9858.09808108106,10000.009907113114,1023.714798348026,251.4898068916814,2025-04-08 19:00:00,notwindy,scenario2040,TP
germany_scenario2040-TP_notwindy,DE0 219 battery,8.6807188,51.9968419,9790.59077476146,9797.959543884146,0.000647924412464,2.7914539724944253e-05,2025-04-08 20:00:00,notwindy,scenario2040,TP
germany_scenario2040-TP_notwindy,DE0 219 H2,8.6807188,51.9968419,7028.309580152966,7028.309580286479,4.553623994558366e-05,1.8973433566060584e-06,2025-04-08 05:00:00,notwindy,scenario2040,TP
germany_scenario2040-TP_notwindy,DE0 76,8.93289828,52.19312945,6684.112253264696,6783.392177377747,4.08938587713911e-05,1.7534622222367309e-06,2025-04-08 05:00:00,notwindy,scenario2040,TP
germany_scenario2040-TP_notwindy,DE0 76 battery,8.93289828,52.19312945,6638.866398415047,6646.329758941128,4.027389796631605e-05,1.681797589608449e-06,2025-04-08 01:00:00,notwindy,scenario2040,TP
germany_scenario2040-TP_windvariability,DE0 198,8.31305358,49.00906475,9998.589647019422,10000.009675106854,13457.5879647634,1199.7622559782671,2025-10-06 17:00:00,windvariability,scenario2040,TP
germany_scenario2040-TP_windvariability,DE0 401,8.49096373,49.24502648,10000.009250747007,10000.00950400373,5451.535732071435,337.8533365183459,2025-10-06 09:00:00,windvariability,scenario2040,TP
germany_scenario2040-TP_windvariability,DE0 208,9.0735161,49.3119354,10000.01056307744,10000.010692268872,3713.821660777403,213.12447370497708,2025-10-06 05:00:00,windvariability,scenario2040,TP
germany_scenario2040-TP_windvariability,DE0 50,8.24847389,48.84631517,9965.732905376144,10000.009810658768,1901.408084194752,270.4567136963025,2025-10-06 17:00:00,windvariability,scenario2040,TP
germany_scenario2040-TP_windvariability,DE0 269,11.81301418,48.22131789,9872.324108058756,10000.008730332762,1351.2424553152343,221.80226288372063,2025-10-06 17:00:00,windvariability,scenario2040,TP
germany_scenario2040-TP_windy,DE0 132 H2,8.44545065,48.9860823,63.159608567215855,63.15969369492353,7.23305662475579e-07,3.013783970277483e-08,2025-10-26 09:00:00,windy,scenario2040,TP
germany_scenario2040-TP_windy,DE0 198 H2,8.31305358,49.00906475,57.0328570958529,57.03288723954991,7.228610892423949e-07,3.011931350358147e-08,2025-10-26 12:00:00,windy,scenario2040,TP
germany_scenario2040-TP_windy,DE0 50 H2,8.24847389,48.84631517,56.51328705073107,56.51331842761431,7.228318518236779e-07,3.0118090780490444e-08,2025-10-26 09:00:00,windy,scenario2040,TP
germany_scenario2040-TP_windy,DE0 165 H2,8.1001077,48.7070611,55.98093691124138,55.98096960472007,7.227952246351112e-07,3.0116566486265176e-08,2025-10-26 10:00:00,windy,scenario2040,TP
germany_scenario2040-TP_windy,DE0 8 H2,7.90843964,48.50156581,55.172791346271104,55.17282597067288,7.227367443055195e-07,3.011412691914497e-08,2025-10-26 10:00:00,windy,scenario2040,TP
germany_scenario2040-ext_notwindy,DE0 158 H2,6.5227314,51.3224881,37.90754451235665,37.90767212943749,7.709744722255545e-06,3.212393702299435e-07,2025-04-08 18:00:00,notwindy,scenario2040,ext
germany_scenario2040-ext_notwindy,DE0 213 H2,7.04734045,50.90558499,37.90130585431652,37.90143356557927,7.709740708554974e-06,3.2123920370671665e-07,2025-04-08 01:00:00,notwindy,scenario2040,ext
germany_scenario2040-ext_notwindy,DE0 244 H2,6.7235627,51.35546216,37.901278148337774,37.901405927958606,7.709738265405647e-06,3.212391011582387e-07,2025-04-08 18:00:00,notwindy,scenario2040,ext
germany_scenario2040-ext_notwindy,DE0 95 H2,6.67477654,51.32484102,37.8961322867388,37.89626012153705,7.709734125121772e-06,3.212389289726229e-07,2025-04-08 00:00:00,notwindy,scenario2040,ext
germany_scenario2040-ext_notwindy,DE0 315 H2,6.7035127,51.3705245,37.893728259869,37.89385595845714,7.709732482707098e-06,3.212388608498859e-07,2025-04-08 00:00:00,notwindy,scenario2040,ext
germany_scenario2040-ext_windvariability,DE0 45 H2,9.01284744,47.84470229,35.03975085270131,35.03990429424986,3.3751222087374355e-06,1.406300941966419e-07,2025-10-06 19:00:00,windvariability,scenario2040,ext
germany_scenario2040-ext_windvariability,DE0 78 H2,10.70277684,47.82643397,34.959189158177246,34.95935071364179,3.375095893036321e-06,1.4062899782352505e-07,2025-10-06 19:00:00,windvariability,scenario2040,ext
germany_scenario2040-ext_windvariability,DE0 164 H2,10.84025994,48.23779917,34.94683989036576,34.94700238834885,3.3750911322741347e-06,1.4062879947192673e-07,2025-10-06 19:00:00,windvariability,scenario2040,ext
germany_scenario2040-ext_windvariability,DE0 47 H2,10.93668095,48.40134332,34.92604315878423,34.926205790014976,3.3750837176183063e-06,1.4062849052980353e-07,2025-10-06 19:00:00,windvariability,scenario2040,ext
germany_scenario2040-ext_windvariability,DE0 214 H2,8.86201735,47.80631981,34.9245180106565,34.924671082861124,3.375083165082631e-06,1.4062846737235672e-07,2025-10-06 19:00:00,windvariability,scenario2040,ext
germany_scenario2040-ext_windy,DE0 69 H2,11.81301418,48.22131789,18.18395932702913,18.18463073570402,8.377009275135801e-08,3.4904207652143027e-09,2025-10-26 16:00:00,windy,scenario2040,ext
germany_scenario2040-ext_windy,DE0 184 H2,11.86805459,48.20668527,18.15645267447742,18.157118138888155,8.37698675303298e-08,3.4904113788963062e-09,2025-10-26 16:00:00,windy,scenario2040,ext
germany_scenario2040-ext_windy,DE0 283 H2,9.19640728,48.9130659,17.80197972190233,17.802639500460423,8.376674002576725e-08,3.4902810633501822e-09,2025-10-26 17:00:00,windy,scenario2040,ext
germany_scenario2040-ext_windy,DE0 84 H2,9.21591042,48.85227651,17.777592479499265,17.77824619104215,8.376652874064183e-08,3.490272257698216e-09,2025-10-26 17:00:00,windy,scenario2040,ext
germany_scenario2040-ext_windy,DE0 404 H2,9.2403641,48.863235,17.767129825637106,17.767781868855373,8.37664510759706e-08,3.4902690211008446e-09,2025-10-26 17:00:00,windy,scenario2040,ext
germany_scenario2040-fixed_notwindy,DE0 191,8.6807188,51.9968419,9858.017106997206,10000.009098757151,1023.7146235081644,221.6501912768801,2025-04-08 17:00:00,notwindy,scenario2040,fixed
germany_scenario2040-fixed_notwindy,DE0 191 battery,8.6807188,51.9968419,9790.580944082105,9797.957144802896,0.0009400051846108,4.049911327279978e-05,2025-04-08 21:00:00,notwindy,scenario2040,fixed
germany_scenario2040-fixed_notwindy,DE0 191 H2,8.6807188,51.9968419,7027.387625654694,7027.387625788308,6.608367469916764e-05,2.7534901169219523e-06,2025-04-08 11:00:00,notwindy,scenario2040,fixed
germany_scenario2040-fixed_notwindy,DE0 89,8.93289828,52.19312945,6686.218848704298,6786.120118740011,5.938094061025808e-05,2.546676164225259e-06,2025-04-08 05:00:00,notwindy,scenario2040,fixed
germany_scenario2040-fixed_notwindy,DE0 89 battery,8.93289828,52.19312945,6640.963936962748,6648.468010728502,5.848010433990064e-05,2.442102910040081e-06,2025-04-08 02:00:00,notwindy,scenario2040,fixed
germany_scenario2040-fixed_windvariability,DE0 184,11.86805459,48.20668527,9992.547597974588,10000.009482498042,33168.83707680105,2624.651715847767,2025-10-06 17:00:00,windvariability,scenario2040,fixed
germany_scenario2040-fixed_windvariability,DE0 99,9.14932303,49.14277516,10000.008823230784,10000.009293890864,31774.34857161178,1969.7510468975563,2025-10-06 17:00:00,windvariability,scenario2040,fixed
germany_scenario2040-fixed_windvariability,DE0 69,11.81301418,48.22131789,10000.009182022595,10000.009305351534,19848.58985925936,1043.2347426685806,2025-10-06 05:00:00,windvariability,scenario2040,fixed
germany_scenario2040-fixed_windvariability,DE0 330,8.31305358,49.00906475,10000.009996762716,10000.010168975004,15062.98244335374,853.8728457010884,2025-10-06 08:00:00,windvariability,scenario2040,fixed
germany_scenario2040-fixed_windvariability,DE0 60,7.75142368,48.0963496,9998.609663399302,10000.01033068276,12339.517246180974,834.0731618394861,2025-10-06 17:00:00,windvariability,scenario2040,fixed
germany_scenario2040-fixed_windy,DE0 386,9.0735161,49.3119354,9881.710756895314,10000.009703754253,2561.241440603423,212.89083922164323,2025-10-26 17:00:00,windy,scenario2040,fixed
germany_scenario2040-fixed_windy,DE0 390,8.49096373,49.24502648,9810.560933310771,10000.01014227689,1941.8504875097533,234.36867200769456,2025-10-26 18:00:00,windy,scenario2040,fixed
germany_scenario2040-fixed_windy,DE0 386 battery,9.0735161,49.3119354,9791.92158526922,9797.95889476948,0.0017588230474796,7.531594219406659e-05,2025-10-26 22:00:00,windy,scenario2040,fixed
germany_scenario2040-fixed_windy,DE0 390 battery,8.49096373,49.24502648,9791.01041355916,9797.959924668845,0.001751003988039,7.529745514762474e-05,2025-10-26 19:00:00,windy,scenario2040,fixed
germany_scenario2040-fixed_windy,DE0 163,8.43924186,49.25511586,9159.518929965858,9342.385171518545,0.0004559672117142,2.3097935801907e-05,2025-10-26 16:00:00,windy,scenario2040,fixed
