scenario,wind_condition,transmission_setting,bus_id,x,y,average_marginal_price,max_marginal_price,total_load_shedding_mwh,max_load_shedding_mw,worst_shedding_snapshot
base-ext,notwindy,extendable,DE0 143 H2,7.98559438,50.84177251,59.93599630659018,59.936030574909736,9.10579467575112e-06,3.794081137792157e-07,2025-04-08 16:00:00
base-ext,notwindy,extendable,DE0 431 H2,8.0435459,50.785155,59.896023377603576,59.89605727360924,9.105762445622146e-06,3.7940677076746454e-07,2025-04-08 06:00:00
base-ext,notwindy,extendable,DE0 373 H2,7.94160838,50.84747692,59.89820685496486,59.89824111941286,9.105761104564864e-06,3.794067145254655e-07,2025-04-08 15:00:00
base-ext,notwindy,extendable,DE0 332 H2,8.04449847,50.76366381,59.889740404559916,59.88977458330696,9.105757678043612e-06,3.7940657147501855e-07,2025-04-08 07:00:00
base-ext,notwindy,extendable,DE0 89 H2,8.93289828,52.19312945,59.88316925593919,59.88320581186339,9.10574980815098e-06,3.794062437944298e-07,2025-04-08 22:00:00
base-ext,windvariability,extendable,DE0 47 H2,10.93668095,48.40134332,35.60182058283288,35.60185453636443,2.1212858866334326e-06,8.838691225102562e-08,2025-10-06 17:00:00
base-ext,windvariability,extendable,DE0 45 H2,9.01284744,47.84470229,35.58923371863367,35.58926131538871,2.121283128537823e-06,8.838679726806982e-08,2025-10-06 18:00:00
base-ext,windvariability,extendable,DE0 164 H2,10.84025994,48.23779917,35.56429502558043,35.564328748295345,2.1212780743764195e-06,8.838658673929131e-08,2025-10-06 17:00:00
base-ext,windvariability,extendable,DE0 78 H2,10.70277684,47.82643397,35.48714037794752,35.48717349347989,2.121262060103283e-06,8.838591946960047e-08,2025-10-06 17:00:00
base-ext,windvariability,extendable,DE0 180 H2,10.86345161,48.54695785,35.48451957422122,35.48455343002369,2.1212615890301982e-06,8.838589985243588e-08,2025-10-06 17:00:00
base-ext,windy,extendable,DE0 184 H2,11.86805459,48.20668527,15.329706300995744,15.329935425043683,6.28835059943241e-08,2.6201461431425986e-09,2025-10-26 16:00:00
base-ext,windy,extendable,DE0 69 H2,11.81301418,48.22131789,15.298685205334882,15.298910781783146,6.288330147177913e-08,2.6201376204293603e-09,2025-10-26 17:00:00
base-ext,windy,extendable,DE0 261 H2,12.29687422,48.60692013,15.27400746302755,15.274227927549195,6.288315289388486e-08,2.6201314283327944e-09,2025-10-26 17:00:00
base-ext,windy,extendable,DE0 26 H2,11.37066239,48.29133163,15.245751533584098,15.245973530402054,6.288297377234755e-08,2.6201239653329584e-09,2025-10-26 17:00:00
base-ext,windy,extendable,DE0 122 H2,13.10358226,48.66663053,15.200903437360571,15.201112259953971,6.288269171592192e-08,2.620112209511259e-09,2025-10-26 17:00:00
base2,notwindy,fixed,DE0 190 H2,8.44545065,48.9860823,138.7544336423996,138.7544592531598,1.2064802298315408e-05,5.02700538418618e-07,2025-04-08 10:00:00
base2,notwindy,fixed,DE0 190 battery,8.44545065,48.9860823,134.06361118766273,140.52124274379798,1.2059174205847445e-05,5.027942884048179e-07,2025-04-08 06:00:00
base2,notwindy,fixed,DE0 190,8.44545065,48.9860823,134.03639140769977,143.42946258664574,1.2059160828096213e-05,5.029428928556215e-07,2025-04-08 06:00:00
base2,notwindy,fixed,DE0 191 H2,8.6807188,51.9968419,87.72599611206483,87.72602802547789,1.2002586935916844e-05,5.001084493457287e-07,2025-04-08 03:00:00
base2,notwindy,fixed,DE0 116 H2,8.64145102,48.89016029,80.96034187434545,80.9603739073341,1.1994399223779187e-05,4.997671175623602e-07,2025-04-08 11:00:00
base2,windvariability,fixed,DE0 386,9.0735161,49.3119354,1087.3566828009791,1112.25502745438,8.520047910703274e-06,3.5599187564697025e-07,2025-10-06 11:00:00
base2,windvariability,fixed,DE0 386 battery,9.0735161,49.3119354,1081.924673225015,1089.772268605714,8.514824091011106e-06,3.550969536940974e-07,2025-10-06 11:00:00
base2,windvariability,fixed,DE0 386 H2,9.0735161,49.3119354,1044.7673395157692,1044.7673407317122,8.478688291403831e-06,3.5327946643202123e-07,2025-10-06 10:00:00
base2,windvariability,fixed,DE0 190,8.44545065,48.9860823,580.9645365452437,598.289025776526,8.062671380678396e-06,3.3656284339955156e-07,2025-10-06 10:00:00
base2,windvariability,fixed,DE0 190 battery,8.44545065,48.9860823,578.4656278624129,586.190828758302,8.060557014259096e-06,3.3613304026590296e-07,2025-10-06 10:00:00
base2,windy,fixed,DE0 386 H2,9.0735161,49.3119354,206.53373363472406,206.5337485692636,1.1272101136025633e-06,4.69684820766912e-08,2025-10-26 11:00:00
base2,windy,fixed,DE0 386,9.0735161,49.3119354,203.51953073672016,253.91588328667888,1.1271592450210185e-06,4.720267072622634e-08,2025-10-26 16:00:00
base2,windy,fixed,DE0 386 battery,9.0735161,49.3119354,202.49224712626165,216.17696003866854,1.127138779816194e-06,4.703027521565914e-08,2025-10-26 14:00:00
base2,windy,fixed,DE0 190 H2,8.44545065,48.9860823,120.44693400597085,120.4469699476824,1.1173856410981307e-06,4.6559226165949225e-08,2025-10-26 10:00:00
base2,windy,fixed,DE0 190,8.44545065,48.9860823,113.94283606893104,153.91829823533055,1.1169199285158788e-06,4.672098155059841e-08,2025-10-26 17:00:00
baseTP,notwindy,projects,DE0 219 H2,8.6807188,51.9968419,86.57971893894474,86.57975185298086,8.349219390875463e-06,3.4788421276452055e-07,2025-04-08 11:00:00
baseTP,notwindy,projects,DE0 76 H2,8.93289828,52.19312945,78.4336934209718,78.43372308519719,8.342364151866134e-06,3.475985506667946e-07,2025-04-08 11:00:00
baseTP,notwindy,projects,DE0 219,8.6807188,51.9968419,77.84519048587667,122.47206323244157,8.34189151296264e-06,3.4914357170780286e-07,2025-04-08 05:00:00
baseTP,notwindy,projects,DE0 219 battery,8.6807188,51.9968419,76.62088586754369,87.39136268382723,8.340849561213157e-06,3.4791158973759067e-07,2025-04-08 04:00:00
baseTP,notwindy,projects,DE0 321 H2,12.56535948,51.07854346,69.35979056925022,69.35981256488664,8.33478030177839e-06,3.472825478497773e-07,2025-04-08 06:00:00
baseTP,windvariability,projects,DE0 219 H2,8.6807188,51.9968419,66.2143399560409,66.21439234811753,4.157253698285047e-06,1.7321904659856154e-07,2025-10-06 11:00:00
baseTP,windvariability,projects,DE0 208 H2,9.0735161,49.3119354,61.60183810198648,61.601923174746034,4.155284583884553e-06,1.7313693013335402e-07,2025-10-06 14:00:00
baseTP,windvariability,projects,DE0 219 battery,8.6807188,51.9968419,57.47395951356628,62.54554163290526,4.153628239621382e-06,1.731565030814072e-07,2025-10-06 11:00:00
baseTP,windvariability,projects,DE0 361 H2,10.14891643,49.98955822,57.08507833396178,57.0851234142642,4.153393976214804e-06,1.730581482499554e-07,2025-10-06 14:00:00
baseTP,windvariability,projects,DE0 219,8.6807188,51.9968419,56.87074512632688,63.84483728297105,4.153382254632263e-06,1.7317966680323793e-07,2025-10-06 11:00:00
baseTP,windy,projects,DE0 208 H2,9.0735161,49.3119354,63.05132227155985,63.051391762684766,8.143911815205026e-08,3.393298401660193e-09,2025-10-26 14:00:00
baseTP,windy,projects,DE0 208 battery,9.0735161,49.3119354,54.68405626833754,61.619207071522936,8.137116703850436e-08,3.392828544664672e-09,2025-10-26 15:00:00
baseTP,windy,projects,DE0 208,9.0735161,49.3119354,53.78009553637626,62.90020734009912,8.136397750423725e-08,3.3932703661766157e-09,2025-10-26 15:00:00
baseTP,windy,projects,DE0 132 H2,8.44545065,48.9860823,31.426286606099193,31.42637284905113,8.118004677485581e-08,3.3825036966260794e-09,2025-10-26 13:00:00
baseTP,windy,projects,DE0 198 H2,8.31305358,49.00906475,30.330762575203796,30.330773933655827,8.117123842598549e-08,3.3821366066025695e-09,2025-10-26 09:00:00
scenario-ext,notwindy,extendable + projects,DE0 59 H2,9.01284744,47.84470229,59.459263369724226,59.4593091074885,2.869799454311108e-06,1.1957497771834443e-07,2025-04-08 22:00:00
scenario-ext,notwindy,extendable + projects,DE0 76 H2,8.93289828,52.19312945,59.295177972883856,59.29521978734132,2.8697473640785133e-06,1.1957280735930343e-07,2025-04-08 23:00:00
scenario-ext,notwindy,extendable + projects,DE0 227 H2,8.86201735,47.80631981,59.275518291773096,59.27556346728197,2.8697471923005695e-06,1.1957280011859994e-07,2025-04-08 23:00:00
scenario-ext,notwindy,extendable + projects,DE0 397 H2,7.98559438,50.84177251,59.25579437327838,59.255834364154815,2.8697400083707638e-06,1.1957250075658541e-07,2025-04-08 23:00:00
scenario-ext,notwindy,extendable + projects,DE0 26 H2,8.8718148,48.6283304,59.24165222376943,59.24169505094091,2.8697366684741752e-06,1.195723616696255e-07,2025-04-08 23:00:00
scenario-ext,windvariability,extendable + projects,DE0 373 H2,11.3365743,47.6295424,34.4440672701492,34.44410827608612,2.3912772472951855e-06,9.963655262122018e-08,2025-10-06 14:00:00
scenario-ext,windvariability,extendable + projects,DE0 131 H2,11.3045349,47.6546273,34.41545386586076,34.41549571457513,2.3912693856443126e-06,9.963622504124111e-08,2025-10-06 14:00:00
scenario-ext,windvariability,extendable + projects,DE0 89 H2,11.29413,48.0517895,34.330844120734525,34.330887950415715,2.3912493197944e-06,9.963538900542163e-08,2025-10-06 14:00:00
scenario-ext,windvariability,extendable + projects,DE0 30 H2,11.37066239,48.29133163,34.19682661892043,34.196870342778105,2.3912179609887708e-06,9.963408235262377e-08,2025-10-06 14:00:00
scenario-ext,windvariability,extendable + projects,DE0 182 H2,10.93668095,48.40134332,34.16822374918174,34.168268824363636,2.3912107059261457e-06,9.963378008675084e-08,2025-10-06 15:00:00
scenario-ext,windy,extendable + projects,DE0 191 H2,11.80761134,48.45542373,14.454758675537084,14.454927282918566,2.2071551869270712e-08,9.196480100006494e-10,2025-10-26 17:00:00
scenario-ext,windy,extendable + projects,DE0 386 H2,12.0882478,49.3363935,14.309234651569973,14.30938591904938,2.2071229112096515e-08,9.19634560169673e-10,2025-10-26 16:00:00
scenario-ext,windy,extendable + projects,DE0 248 H2,12.08205369,49.29765451,14.305012817677541,14.305162789613586,2.2071219984258393e-08,9.19634179733138e-10,2025-10-26 16:00:00
scenario-ext,windy,extendable + projects,DE0 159 H2,12.11677325,49.63225508,14.29031029503713,14.290461936957941,2.2071185917833896e-08,9.196327604311521e-10,2025-10-26 16:00:00
scenario-ext,windy,extendable + projects,DE0 18 H2,10.97285198,49.55849876,14.258844712298844,14.25900415375998,2.207111835039125e-08,9.196299458963676e-10,2025-10-26 17:00:00
scenario1,notwindy,fixed,DE0 184,11.86805459,48.20668527,99315.94792872701,100000.00473845124,21978.865893406408,1561.7769595988023,2025-04-08 05:00:00
scenario1,notwindy,fixed,DE0 26,11.37066239,48.29133163,99324.3504942808,100000.00076634203,8950.10002084039,826.249243512216,2025-04-08 05:00:00
scenario1,notwindy,fixed,DE0 292,8.5468069,49.44027842,99789.78863938997,99999.99095564165,5524.075738074909,782.2157202459564,2025-04-08 22:00:00
scenario1,notwindy,fixed,DE0 27,9.04561339,48.90286326,99816.88281536945,99999.99289415106,3987.5654171968554,627.1853386945165,2025-04-08 07:00:00
scenario1,notwindy,fixed,DE0 374,7.6372691,51.8886873,99671.8366163789,99999.9790498324,3943.8898273431205,360.8250270232319,2025-04-08 06:00:00
scenario1,windvariability,fixed,DE0 330,8.31305358,49.00906475,99818.92819267458,100000.01011344302,31106.969189026124,1891.4213904707133,2025-10-06 08:00:00
scenario1,windvariability,fixed,DE0 17,8.24847389,48.84631517,99813.69900279061,100000.00635835771,3553.4511831870796,234.76167254417905,2025-10-06 09:00:00
scenario1,windvariability,fixed,DE0 69,11.81301418,48.22131789,98811.4625693868,100000.00623644564,3526.6821442935257,304.7679751972601,2025-10-06 17:00:00
scenario1,windvariability,fixed,DE0 85,7.90843964,48.50156581,99581.09963024808,100000.00481507706,2738.5511473074994,206.4712317573732,2025-10-06 17:00:00
scenario1,windvariability,fixed,DE0 177,8.1001077,48.7070611,99808.37117317044,100000.00292500769,2204.3422526670115,149.25564910438055,2025-10-06 06:00:00
scenario1,windy,fixed,DE0 326 H2,8.51161768,49.29346968,70.70792424792678,70.70794124419203,7.63366973810245e-08,3.1806961409993522e-09,2025-10-26 13:00:00
scenario1,windy,fixed,DE0 330 H2,8.31305358,49.00906475,73.66588781234101,73.6659255257419,7.633637151371767e-08,3.180682149009995e-09,2025-10-26 14:00:00
scenario1,windy,fixed,DE0 17 H2,8.24847389,48.84631517,73.06521754312537,73.06525615231953,7.633599345112859e-08,3.1806664070241713e-09,2025-10-26 09:00:00
scenario1,windy,fixed,DE0 177 H2,8.1001077,48.7070611,72.37519785913058,72.37523672576944,7.633544925006561e-08,3.1806437335715808e-09,2025-10-26 13:00:00
scenario1,windy,fixed,DE0 129 H2,8.321627,49.0416916,72.19072721593109,72.19076204005101,7.633524029035159e-08,3.1806350280428004e-09,2025-10-26 13:00:00
scenario2,notwindy,fixed,DE0 330 H2,8.31305358,49.00906475,117.11722286720533,117.11725661285034,1.239345633536392e-06,5.163940142783065e-08,2025-04-08 08:00:00
scenario2,notwindy,fixed,DE0 17 H2,8.24847389,48.84631517,116.77581864103674,116.77585232135773,1.2393414258216414e-06,5.1639226128268094e-08,2025-04-08 17:00:00
scenario2,notwindy,fixed,DE0 177 H2,8.1001077,48.7070611,116.10330303656276,116.10333630863843,1.2393330460423258e-06,5.163887697280162e-08,2025-04-08 07:00:00
scenario2,notwindy,fixed,DE0 85 H2,7.90843964,48.50156581,115.02661139900151,115.02664438834651,1.2393196824940406e-06,5.1638320141098495e-08,2025-04-08 17:00:00
scenario2,notwindy,fixed,DE0 129 H2,8.321627,49.0416916,113.36420163511588,113.36423625170475,1.2392987588148903e-06,5.1637448310880506e-08,2025-04-08 16:00:00
scenario2,windvariability,fixed,DE0 330 H2,8.31305358,49.00906475,139.065687199893,139.06571344402332,6.863034471083391e-07,2.859597697036794e-08,2025-10-06 12:00:00
scenario2,windvariability,fixed,DE0 17 H2,8.24847389,48.84631517,138.63718502336474,138.63721135649044,6.863005021208602e-07,2.8595854262581087e-08,2025-10-06 12:00:00
scenario2,windvariability,fixed,DE0 177 H2,8.1001077,48.7070611,138.14453535015525,138.14456188269887,6.862971220094077e-07,2.8595713424660615e-08,2025-10-06 12:00:00
scenario2,windvariability,fixed,DE0 85 H2,7.90843964,48.50156581,136.62904030845723,136.62906721150574,6.862867160839985e-07,2.8595279844541382e-08,2025-10-06 12:00:00
scenario2,windvariability,fixed,DE0 129 H2,8.321627,49.0416916,134.99386869916077,134.99389565916255,6.862754552372586e-07,2.8594810642610795e-08,2025-10-06 12:00:00
scenario2,windy,fixed,DE0 330 H2,8.31305358,49.00906475,54.03121246092644,54.031247139763025,8.839584545101527e-08,3.6831608974319076e-09,2025-10-26 09:00:00
scenario2,windy,fixed,DE0 17 H2,8.24847389,48.84631517,53.64637444494671,53.64640960545622,8.83947471095393e-08,3.6831150758734197e-09,2025-10-26 09:00:00
scenario2,windy,fixed,DE0 177 H2,8.1001077,48.7070611,53.15999833333175,53.160033866359754,8.839407388104496e-08,3.683086841918639e-09,2025-10-26 07:00:00
scenario2,windy,fixed,DE0 85 H2,7.90843964,48.50156581,52.33596750653604,52.3360037490375,8.839318134342395e-08,3.6830498131138484e-09,2025-10-26 07:00:00
scenario2,windy,fixed,DE0 129 H2,8.321627,49.0416916,52.016729561494095,52.01676275590344,8.839247706335883e-08,3.6830204331639266e-09,2025-10-26 08:00:00
